<xml xmlns:o="urn:schemas-microsoft-com:office:office">
 <o:MainFile HRef="../landing.html"/>
 <o:File HRef="themedata.thmx"/>
 <o:File HRef="colorschememapping.xml"/>
 <o:File HRef="image001.jpg"/>
 <o:File HRef="image013.jpg"/>
 <o:File HRef="image003.png"/>
 <o:File HRef="image014.png"/>
 <o:File HRef="image005.png"/>
 <o:File HRef="image015.png"/>
 <o:File HRef="image007.png"/>
 <o:File HRef="image016.png"/>
 <o:File HRef="image009.png"/>
 <o:File HRef="image017.png"/>
 <o:File HRef="image011.png"/>
 <o:File HRef="image018.png"/>
 <o:File HRef="filelist.xml"/>
</xml>